{
  "source_ckpt": "/content/drive/MyDrive/manifold_features/plan6t_5seeds_wd03/seed_1000/final.pt",
  "tasks": [
    "div",
    "add",
    "max",
    "parity"
  ],
  "k_range": [
    -100,
    -50,
    -24,
    -10,
    -5,
    -2,
    -1,
    0,
    1,
    2,
    5,
    10,
    24,
    50,
    100
  ],
  "rows": {
    "div": {
      "baseline": 0.9997279158352984,
      "chord_mean": 0.9998,
      "chord_min": 0.998,
      "linear_mean": 0.1686666666666667,
      "random_mean": 0.07073333333333331,
      "dictation_mean": 1.0,
      "dictation_frac_1": 1.0
    },
    "add": {
      "baseline": 0.987252826449259,
      "chord_mean": 0.9863333333333334,
      "chord_min": 0.97,
      "linear_mean": 0.13166666666666668,
      "random_mean": 0.06726666666666664,
      "dictation_mean": 1.0,
      "dictation_frac_1": 1.0
    },
    "max": {
      "baseline": 0.9942344939417144,
      "chord_mean": 0.9989333333333335,
      "chord_min": 0.996,
      "linear_mean": 0.14353333333333337,
      "random_mean": 0.07379999999999995,
      "dictation_mean": 1.0,
      "dictation_frac_1": 1.0
    },
    "parity": {
      "baseline": 0.9995495698391964,
      "chord_mean": 1.0,
      "chord_min": 1.0,
      "linear_mean": 0.5333333333333333,
      "random_mean": 0.7336666666666666,
      "dictation_mean": 1.0,
      "dictation_frac_1": 1.0
    }
  }
}