{
  "config": {
    "P": 97,
    "PM1": 96,
    "g": 5,
    "d_model": 384,
    "n_heads": 4,
    "head_dim": 96,
    "n_blocks_active": 1,
    "k_freqs": [
      1,
      2,
      3,
      4,
      5,
      6,
      7,
      8,
      9,
      10,
      11,
      12,
      13,
      14,
      15,
      16,
      17,
      18,
      19,
      20,
      21,
      22,
      23,
      24,
      25,
      26,
      27,
      28,
      29,
      30,
      31,
      32,
      33,
      34,
      35,
      36,
      37,
      38,
      39,
      40,
      41,
      42,
      43,
      44,
      45,
      46,
      47,
      48
    ],
    "K": 48,
    "eps_swiglu": 0.01,
    "gain_w2": 200.0,
    "pos_marker_val": 5.0,
    "layout": {
      "OFFSET_LA": 0,
      "OFFSET_LB": 96,
      "OFFSET_COS": 192,
      "OFFSET_SIN": 240,
      "OFFSET_POS": 380
    }
  },
  "metrics": {
    "full_accuracy": 1.0,
    "per_diff_accuracy": [
      1.0,
      1.0,
      1.0,
      1.0,
      1.0,
      1.0,
      1.0,
      1.0,
      1.0,
      1.0,
      1.0,
      1.0,
      1.0,
      1.0,
      1.0,
      1.0,
      1.0,
      1.0,
      1.0,
      1.0,
      1.0,
      1.0,
      1.0,
      1.0,
      1.0,
      1.0,
      1.0,
      1.0,
      1.0,
      1.0,
      1.0,
      1.0,
      1.0,
      1.0,
      1.0,
      1.0,
      1.0,
      1.0,
      1.0,
      1.0,
      1.0,
      1.0,
      1.0,
      1.0,
      1.0,
      1.0,
      1.0,
      1.0,
      1.0,
      1.0,
      1.0,
      1.0,
      1.0,
      1.0,
      1.0,
      1.0,
      1.0,
      1.0,
      1.0,
      1.0,
      1.0,
      1.0,
      1.0,
      1.0,
      1.0,
      1.0,
      1.0,
      1.0,
      1.0,
      1.0,
      1.0,
      1.0,
      1.0,
      1.0,
      1.0,
      1.0,
      1.0,
      1.0,
      1.0,
      1.0,
      1.0,
      1.0,
      1.0,
      1.0,
      1.0,
      1.0,
      1.0,
      1.0,
      1.0,
      1.0,
      1.0,
      1.0,
      1.0,
      1.0,
      1.0,
      1.0
    ],
    "wu_circle_cv": {
      "1": 2.2030402441679446e-08,
      "11": 2.0470424401556784e-08,
      "19": 2.0449450212461636e-08,
      "25": 2.0527110855757897e-08,
      "35": 2.047040810391713e-08,
      "44": 1.0928607873133872e-08,
      "48": 0.0001250861056350958
    },
    "manifold_circle_cv": {
      "1": 1.2543205531331202e-08,
      "11": 1.0153661296656861e-08,
      "19": 1.2167973627408697e-08,
      "25": 1.2848085640194868e-08,
      "35": 1.0827760450813062e-08,
      "44": 1.6690947769487276e-08,
      "48": 0.0005463910301312493
    }
  }
}