{
  "L10_T2": {
    "sin_r2": 0.0070960520828573515,
    "cos_r2": 0.08456997571530522,
    "joint_r2": 0.08456997571530522
  },
  "L10_T5": {
    "sin_r2": -0.010808253864748929,
    "cos_r2": -0.007609650212810015,
    "joint_r2": -0.009179743463052947
  },
  "L10_T10": {
    "sin_r2": -0.0022040688099318473,
    "cos_r2": 0.005664650150704831,
    "joint_r2": 0.0015741256121448721
  },
  "L10_T20": {
    "sin_r2": -0.0026490974254624877,
    "cos_r2": -0.0030873524386736406,
    "joint_r2": -0.002853773578224139
  },
  "L10_T50": {
    "sin_r2": 0.03447692538110181,
    "cos_r2": 0.04424790083585761,
    "joint_r2": 0.03962692753567432
  },
  "L10_T100": {
    "sin_r2": 0.15524519432752393,
    "cos_r2": 0.2089357517924173,
    "joint_r2": 0.18271509966839972
  },
  "L14_T2": {
    "sin_r2": 0.07851698849160293,
    "cos_r2": 0.24953934233596753,
    "joint_r2": 0.24953934233596753
  },
  "L14_T5": {
    "sin_r2": -0.008564675631675067,
    "cos_r2": 0.0001187445487342842,
    "joint_r2": -0.004143671460832721
  },
  "L14_T10": {
    "sin_r2": 0.004171209908724327,
    "cos_r2": 0.023180510741748095,
    "joint_r2": 0.013298595793796109
  },
  "L14_T20": {
    "sin_r2": -0.0017806532914592665,
    "cos_r2": -0.005977732987962003,
    "joint_r2": -0.003740795444358014
  },
  "L14_T50": {
    "sin_r2": 0.04909085364449384,
    "cos_r2": 0.06646803443900895,
    "joint_r2": 0.058249869440464286
  },
  "L14_T100": {
    "sin_r2": 0.22741067208156762,
    "cos_r2": 0.32065979495998,
    "joint_r2": 0.2751200775997463
  },
  "L16_T2": {
    "sin_r2": 0.10276531867089833,
    "cos_r2": 0.29394150919515527,
    "joint_r2": 0.29394150919515527
  },
  "L16_T5": {
    "sin_r2": -0.0035650262615232187,
    "cos_r2": 0.00176582955080673,
    "joint_r2": -0.0008509187680678654
  },
  "L16_T10": {
    "sin_r2": -0.006493853397782523,
    "cos_r2": 0.03209506971940701,
    "joint_r2": 0.012034760319986293
  },
  "L16_T20": {
    "sin_r2": -0.010298604792279287,
    "cos_r2": -0.018945909205590805,
    "joint_r2": -0.0143371142119606
  },
  "L16_T50": {
    "sin_r2": 0.07369503960939794,
    "cos_r2": 0.0811409716040834,
    "joint_r2": 0.07761957774717065
  },
  "L16_T100": {
    "sin_r2": 0.29679167682712293,
    "cos_r2": 0.39420248706907013,
    "joint_r2": 0.3466303423741135
  },
  "L18_T2": {
    "sin_r2": 0.29397461223865595,
    "cos_r2": 0.8905391023151294,
    "joint_r2": 0.8905391023151294
  },
  "L18_T5": {
    "sin_r2": 0.599702188789372,
    "cos_r2": 0.7628533166096075,
    "joint_r2": 0.6827675940772733
  },
  "L18_T10": {
    "sin_r2": 0.6367756762816585,
    "cos_r2": 0.6882189818943136,
    "joint_r2": 0.6614763691506289
  },
  "L18_T20": {
    "sin_r2": -0.006446959133835195,
    "cos_r2": 0.017093766505483554,
    "joint_r2": 0.0045471539095508495
  },
  "L18_T50": {
    "sin_r2": 0.47031128233837816,
    "cos_r2": 0.2372708572835326,
    "joint_r2": 0.3474823286998988
  },
  "L18_T100": {
    "sin_r2": 0.8850031288738648,
    "cos_r2": 0.8628221329536411,
    "joint_r2": 0.8736545810646285
  },
  "L20_T2": {
    "sin_r2": 0.3235708175296276,
    "cos_r2": 0.9448125709034401,
    "joint_r2": 0.9448125709034401
  },
  "L20_T5": {
    "sin_r2": 0.8965675008715353,
    "cos_r2": 0.9161129499970542,
    "joint_r2": 0.9065187079200955
  },
  "L20_T10": {
    "sin_r2": 0.8927992614963944,
    "cos_r2": 0.9135380470568009,
    "joint_r2": 0.9027570658501843
  },
  "L20_T20": {
    "sin_r2": 0.4322461280218435,
    "cos_r2": 0.6780089737637054,
    "joint_r2": 0.5470235800574503
  },
  "L20_T50": {
    "sin_r2": 0.9066013732497946,
    "cos_r2": 0.9168279535904047,
    "joint_r2": 0.9119915117300234
  },
  "L20_T100": {
    "sin_r2": 0.9291194159204952,
    "cos_r2": 0.930566028422638,
    "joint_r2": 0.9298595518098418
  },
  "L22_T2": {
    "sin_r2": 0.3381572618766795,
    "cos_r2": 0.9588948267345125,
    "joint_r2": 0.9588948267345125
  },
  "L22_T5": {
    "sin_r2": 0.9218345922166447,
    "cos_r2": 0.9343782610070395,
    "joint_r2": 0.9282209711880447
  },
  "L22_T10": {
    "sin_r2": 0.933768143494716,
    "cos_r2": 0.9524801690587406,
    "joint_r2": 0.9427527915632801
  },
  "L22_T20": {
    "sin_r2": 0.8784002324670334,
    "cos_r2": 0.8621845387290873,
    "joint_r2": 0.8708270942059876
  },
  "L22_T50": {
    "sin_r2": 0.9254336877279661,
    "cos_r2": 0.937084324992628,
    "joint_r2": 0.9315744059492923
  },
  "L22_T100": {
    "sin_r2": 0.9519731199759078,
    "cos_r2": 0.9558257631400505,
    "joint_r2": 0.9539442625385526
  },
  "L26_T2": {
    "sin_r2": 0.5385382648401651,
    "cos_r2": 0.9658976145447814,
    "joint_r2": 0.9658976145447814
  },
  "L26_T5": {
    "sin_r2": 0.9503853578838845,
    "cos_r2": 0.9616249289718997,
    "joint_r2": 0.9561077794212756
  },
  "L26_T10": {
    "sin_r2": 0.9560946586371393,
    "cos_r2": 0.9695746006642094,
    "joint_r2": 0.9625671025039712
  },
  "L26_T20": {
    "sin_r2": 0.9275998424139102,
    "cos_r2": 0.9314989190013175,
    "joint_r2": 0.9294208095932388
  },
  "L26_T50": {
    "sin_r2": 0.9535294912069607,
    "cos_r2": 0.9623966998848237,
    "joint_r2": 0.9582031437002552
  },
  "L26_T100": {
    "sin_r2": 0.9729094311859768,
    "cos_r2": 0.973165727892902,
    "joint_r2": 0.9730405612507562
  },
  "L28_T2": {
    "sin_r2": 0.6485731298065835,
    "cos_r2": 0.9651978119774316,
    "joint_r2": 0.9651978119774316
  },
  "L28_T5": {
    "sin_r2": 0.9515517986520634,
    "cos_r2": 0.9644447240593704,
    "joint_r2": 0.9581159952262033
  },
  "L28_T10": {
    "sin_r2": 0.9596588763146497,
    "cos_r2": 0.9700317816694328,
    "joint_r2": 0.9646394650671806
  },
  "L28_T20": {
    "sin_r2": 0.9387800709377048,
    "cos_r2": 0.9427034241749379,
    "joint_r2": 0.9406123759252465
  },
  "L28_T50": {
    "sin_r2": 0.9631509088056872,
    "cos_r2": 0.966500050030254,
    "joint_r2": 0.9649161455113112
  },
  "L28_T100": {
    "sin_r2": 0.97822824911763,
    "cos_r2": 0.9781030327896139,
    "joint_r2": 0.9781641842086377
  }
}