{
  "3": {
    "baseline_acc": 1.0,
    "trivial_rate": 0.75,
    "r2_c_natural": null,
    "r2_c_dlog": null,
    "r2_a": null,
    "r2_b": null
  },
  "5": {
    "baseline_acc": 0.5625,
    "trivial_rate": 0.6875,
    "r2_c_natural": -1.3694983958702593,
    "r2_c_dlog": -0.46930955534507945,
    "r2_a": 0.20015814965191492,
    "r2_b": 0.14705852434346223
  },
  "7": {
    "baseline_acc": 0.4666666666666667,
    "trivial_rate": 0.26666666666666666,
    "r2_c_natural": -0.15610351697957925,
    "r2_c_dlog": 0.0709387381361366,
    "r2_a": -0.10804229868217163,
    "r2_b": 0.474842264070364
  },
  "11": {
    "baseline_acc": 0.23333333333333334,
    "trivial_rate": 0.5,
    "r2_c_natural": -0.29147385017498095,
    "r2_c_dlog": -0.13850654622469283,
    "r2_a": 0.4441891820007351,
    "r2_b": 0.6577668923212505
  },
  "13": {
    "baseline_acc": 0.2,
    "trivial_rate": 0.23333333333333334,
    "r2_c_natural": -0.0016833374205011964,
    "r2_c_dlog": 0.019642928396366055,
    "r2_a": 0.4184354595220333,
    "r2_b": 0.7480104931349403
  },
  "23": {
    "baseline_acc": 0.06666666666666667,
    "trivial_rate": 0.7333333333333333,
    "r2_c_natural": -0.049562239004725006,
    "r2_c_dlog": -0.03059104834607207,
    "r2_a": 0.9298014666145551,
    "r2_b": 0.6729508037305669
  },
  "97": {
    "baseline_acc": 0.03333333333333333,
    "trivial_rate": 0.5666666666666667,
    "r2_c_natural": -0.10160424577939509,
    "r2_c_dlog": -0.1372013089660764,
    "r2_a": 0.8835306031344765,
    "r2_b": 0.6174326574135945
  }
}