{
  "baseline": {
    "addition": 0.9236111111111112,
    "weekdays": 0.6938775510204082,
    "months": 0.8263888888888888,
    "country_capital": 0.7692307692307693
  },
  "L15": {
    "addition": 0.9097222222222222,
    "weekdays": 0.6938775510204082,
    "months": 0.8333333333333334,
    "country_capital": 0.7692307692307693
  },
  "L16": {
    "addition": 0.9027777777777778,
    "weekdays": 0.6632653061224489,
    "months": 0.7986111111111112,
    "country_capital": 0.7692307692307693
  },
  "L17": {
    "addition": 0.8888888888888888,
    "weekdays": 0.6428571428571429,
    "months": 0.7916666666666666,
    "country_capital": 0.7692307692307693
  },
  "L18": {
    "addition": 0.4722222222222222,
    "weekdays": 0.3469387755102041,
    "months": 0.5625,
    "country_capital": 0.7692307692307693
  },
  "L19": {
    "addition": 0.4375,
    "weekdays": 0.3163265306122449,
    "months": 0.5625,
    "country_capital": 0.7692307692307693
  },
  "L20": {
    "addition": 0.4722222222222222,
    "weekdays": 0.3673469387755102,
    "months": 0.5763888888888888,
    "country_capital": 0.7692307692307693
  },
  "L21": {
    "addition": 0.6041666666666666,
    "weekdays": 0.5102040816326531,
    "months": 0.6180555555555556,
    "country_capital": 0.7692307692307693
  },
  "L22": {
    "addition": 0.7152777777777778,
    "weekdays": 0.5816326530612245,
    "months": 0.6597222222222222,
    "country_capital": 0.7692307692307693
  }
}