{
  "0": {
    "item": "Saturday",
    "tid": 7884,
    "hits": 37,
    "n": 68,
    "rate": 0.5441176470588235
  },
  "1": {
    "item": "Sunday",
    "tid": 7418,
    "hits": 50,
    "n": 68,
    "rate": 0.7352941176470589
  },
  "2": {
    "item": "Monday",
    "tid": 7159,
    "hits": 20,
    "n": 68,
    "rate": 0.29411764705882354
  },
  "3": {
    "item": "Tuesday",
    "tid": 7742,
    "hits": 14,
    "n": 68,
    "rate": 0.20588235294117646
  },
  "4": {
    "item": "Wednesday",
    "tid": 8079,
    "hits": 33,
    "n": 68,
    "rate": 0.4852941176470588
  },
  "5": {
    "item": "Thursday",
    "tid": 7950,
    "hits": 56,
    "n": 68,
    "rate": 0.8235294117647058
  },
  "6": {
    "item": "Friday",
    "tid": 6740,
    "hits": 54,
    "n": 68,
    "rate": 0.7941176470588235
  }
}